"","LNCAP_Hypoxia_S1","LNCAP_Hypoxia_S2","LNCAP_Normoxia_S1","LNCAP_Normoxia_S2","PC3_Hypoxia_S1","PC3_Hypoxia_S2","PC3_Normoxia_S1","PC3_Normoxia_S2"
"ENSG00000000003",537.768145046598,537.768145046597,289.435337575772,304.631269876855,811.626189651013,640.222724030662,556.679923234413,662.628053860888
"ENSG00000000005",0,0,0,0,0,0,0,0
"ENSG00000000419",1776.23749895358,1791.52282184843,1703.48863532334,1967.27667441527,1512.88961130415,1336.36851732906,1181.36335981848,1201.73841694029
"ENSG00000000457",493.250914496383,472.395461712424,341.486379210652,415.260520516344,67.443913776477,50.137924171076,45.8628345846533,56.6407090323931
"ENSG00000000460",244.844768026183,272.386180559058,298.899163327568,279.779771544795,298.899163327568,298.899163327568,298.899163327568,298.899163327568
"ENSG00000000938",1.7806892220086,1.55649246033747,1.57730429196606,0.801661236518038,0,0,0,0.68241818111317
"ENSG00000000971",0,0,0.78865214598303,0,2.29922433328899,1.92838169888754,0,1.36483636222634
"ENSG00000001036",158.481340758765,178.218386708641,263.409816758332,362.350878906153,629.221059210086,539.946875688511,453.883914682604,499.53010857484
